SAVED_AT,EPOCH,OBJECT_NAME,OBJECT_ID,MEAN_MOTION,ECCENTRICITY,INCLINATION,RA_OF_ASC_NODE,ARG_OF_PERICENTER,MEAN_ANOMALY,EPHEMERIS_TYPE,CLASSIFICATION_TYPE,NORAD_CAT_ID,ELEMENT_SET_NO,REV_AT_EPOCH,BSTAR,MEAN_MOTION_DOT,MEAN_MOTION_DDOT
2026-07-04T17:00:11.724870,2026-07-03T23:17:18.238272,SWIFT,2004-047A,15.70001988,8.442e-05,20.5532,55.2849,198.0974,161.9442,0.0,U,28485.0,999.0,18950.0,0.00054591173,0.00070231,0.0
2026-07-05T01:52:37.972393,2026-07-04T06:54:45.877536,SWIFT,2004-047A,15.70048873,7.991e-05,20.5529,52.8275,197.6102,162.4317,0.0,U,28485.0,999.0,18955.0,0.0005857037,0.00075476,0.0
2026-07-05T10:57:11.166271,2026-07-04T22:09:38.030976,SWIFT,2004-047A,15.70170079,8.568e-05,20.5532,47.9146,222.0058,138.0322,0.0,U,28485.0,999.0,18965.0,0.00067942827,0.00087977,0.0
2026-07-06T12:34:47.740156,2026-07-05T21:01:49.991520,SWIFT,2004-047A,15.70288873,8.953e-05,20.5532,40.5435,245.4092,114.6261,0.0,U,28485.0,999.0,18980.0,0.00051887315,0.00067578,0.0
2026-07-09T07:08:23.000141,2026-07-08T19:09:21.224448,SWIFT,2004-047A,15.70581196,0.00012562,20.5535,17.9347,300.6623,59.37,0.0,U,28485.0,999.0,19026.0,0.0003816285,0.00050461,0.0
2026-07-09T19:55:11.320490,2026-07-09T04:18:05.961888,SWIFT,2004-047A,15.70638079,0.00011442,20.5531,14.9835,306.1648,53.8692,0.0,U,28485.0,999.0,19032.0,0.00039693578,0.00052583,0.0
2026-07-10T03:53:48.740358,2026-07-09T18:01:11.450208,SWIFT,2004-047A,15.70696899,0.0001369,20.5534,10.5603,310.0565,49.9761,0.0,U,28485.0,999.0,19041.0,0.00041301,0.00054825,0.0
2026-07-10T14:41:42.206157,2026-07-10T04:41:21.162048,SWIFT,2004-047A,15.70741555,0.00013321,20.553,7.1183,321.9064,38.1288,0.0,U,28485.0,999.0,19048.0,0.00038671991,0.0005147,0.0
2026-07-11T03:20:06.841375,2026-07-10T18:24:23.572800,SWIFT,2004-047A,15.70792023,0.0001527,20.5533,2.6947,325.6509,34.3839,0.0,U,28485.0,999.0,19057.0,0.00038516,0.00051374,0.0
2026-07-11T13:40:20.877241,2026-07-11T05:04:30.983808,SWIFT,2004-047A,15.70831677,0.0001525,20.5532,359.2544,334.4494,25.5877,0.0,U,28485.0,999.0,19064.0,0.0003351,0.0004486,0.0
2026-07-12T03:31:48.343278,2026-07-11T18:47:30.602976,SWIFT,2004-047A,15.70879097,0.00015986,20.5531,354.8298,342.8184,17.2208,0.0,U,28485.0,999.0,19073.0,0.00031336711,0.00042082,0.0
2026-07-12T08:26:17.332378,2026-07-12T03:56:09.508416,SWIFT,2004-047A,15.70909777,0.0001681,20.5532,351.8795,347.8899,12.1507,0.0,U,28485.0,999.0,19079.0,0.00031133,0.00041867,0.0
2026-07-12T19:13:56.708825,2026-07-12T14:36:14.110560,SWIFT,2004-047A,15.70948853,0.00017221,20.5531,348.438,354.1093,5.9333,0.0,U,28485.0,999.0,19086.0,0.00034022189,0.0004576,0.0
2026-07-13T03:34:37.997275,2026-07-12T20:41:59.068608,SWIFT,2004-047A,15.70976588,0.0001758,20.5531,346.4713,356.8973,3.1462,0.0,U,28485.0,999.0,19090.0,0.00037646,0.0005062,0.0
2026-07-13T14:48:39.636946,2026-07-13T02:47:43.728576,SWIFT,2004-047A,15.70998544,0.00018416,20.5531,344.5042,359.4945,0.5499,0.0,U,28485.0,999.0,19094.0,0.00036183117,0.00048724,0.0
2026-07-13T19:37:37.647442,2026-07-13T11:56:20.175936,SWIFT,2004-047A,15.71028411,0.000188,20.5531,341.5542,5.0706,354.9759,0.0,U,28485.0,999.0,19100.0,0.00031727,0.00042865,0.0
2026-07-14T08:18:53.301405,2026-07-13T16:30:38.124864,SWIFT,2004-047A,15.71044869,0.0001911,20.5531,340.0791,7.3723,352.6752,0.0,U,28485.0,999.0,19103.0,0.00031068,0.0004202,0.0
2026-07-14T13:58:26.997151,2026-07-14T03:10:39.360000,SWIFT,2004-047A,15.7108214,0.0002018,20.5531,336.6366,12.5158,347.5339,0.0,U,28485.0,999.0,19110.0,0.00031265,0.00042348,0.0
2026-07-14T19:34:54.531956,2026-07-14T12:19:14.038752,SWIFT,2004-047A,15.7111394,0.0002053,20.553,333.6864,17.5678,342.4839,0.0,U,28485.0,999.0,19116.0,0.00031959454,0.0004333,0.0
2026-07-16T15:42:53.735755,2026-07-15T11:10:37.909920,SWIFT,2004-047A,15.71188268,0.0002205,20.5527,326.3099,28.487,331.5697,0.0,U,28485.0,999.0,19131.0,0.00030635095,0.00041696,0.0
2026-07-17T04:50:40.248570,2026-07-16T14:36:13.286304,SWIFT,2004-047A,15.71279814,0.0002327,20.5526,317.4567,39.5512,320.5104,0.0,U,28485.0,999.0,19149.0,0.00030413,0.00041559,0.0
2026-07-18T02:55:45.055160,2026-07-17T13:27:28.338624,SWIFT,2004-047A,15.71352903,0.0002277,20.5527,310.0785,47.3664,312.6974,0.0,U,28485.0,999.0,19164.0,0.00027754,0.00038109,0.0
2026-07-19T03:28:24.937590,2026-07-18T13:50:04.239744,SWIFT,2004-047A,15.71432448,0.0002527,20.5525,302.209,57.1497,302.9192,0.0,U,28485.0,999.0,19180.0,0.00028862,0.00039733,0.0
2026-07-19T19:14:17.043453,2026-07-19T14:12:35.756064,SWIFT,2004-047A,15.71507596,0.00025578,20.5521,294.3367,73.2137,286.859,0.0,U,28485.0,999.0,19196.0,0.00028093563,0.00038819,0.0
2026-07-20T14:21:00.238759,2026-07-19T21:49:37.223904,SWIFT,2004-047A,15.71531438,0.00025735,20.552,291.8767,76.252,283.8213,0.0,U,28485.0,999.0,19201.0,0.00028015372,0.00038752,0.0
2026-07-21T03:21:43.086342,2026-07-20T11:32:14.744544,SWIFT,2004-047A,15.71579695,0.00026426,20.5519,287.4489,83.1117,276.963,0.0,U,28485.0,999.0,19210.0,0.00030445802,0.00042132,0.0
2026-07-21T14:07:18.088448,2026-07-21T07:20:25.953216,SWIFT,2004-047A,15.71660712,0.00026584,20.5518,281.0531,91.9964,268.0787,0.0,U,28485.0,999.0,19223.0,0.00036175572,0.00050096,0.0
2026-07-22T03:20:13.718785,2026-07-21T10:23:13.512192,SWIFT,2004-047A,15.71674184,0.00027051,20.5518,280.0692,92.004,268.0717,0.0,U,28485.0,999.0,19225.0,0.00036481483,0.00050543,0.0
2026-07-22T19:35:12.087723,2026-07-22T07:42:42.950016,SWIFT,2004-047A,15.71794392,0.00027095,20.5517,273.1802,102.2547,257.8203,0.0,U,28485.0,999.0,19239.0,0.00047664337,0.00066195,0.0
2026-07-23T03:27:10.506626,2026-07-22T12:16:52.747968,SWIFT,2004-047A,15.71818487,0.00026488,20.5517,271.7026,103.4951,256.5791,0.0,U,28485.0,999.0,19242.0,0.00047233262,0.00065667,0.0
2026-07-23T14:17:40.235908,2026-07-23T06:33:29.426400,SWIFT,2004-047A,15.71921998,0.00026624,20.5517,265.7968,112.5963,247.4766,0.0,U,28485.0,999.0,19254.0,0.00045021127,0.0006289,0.0
2026-07-23T19:27:04.241192,2026-07-23T08:04:52.284000,SWIFT,2004-047A,15.71929867,0.0002647,20.5517,265.3047,113.2022,246.8704,0.0,U,28485.0,999.0,19255.0,0.00045399817,0.00063436,0.0
2026-07-24T03:21:27.572850,2026-07-23T09:36:15.120000,SWIFT,2004-047A,15.71938463,0.0002649,20.5516,264.8126,113.4808,246.5917,0.0,U,28485.0,999.0,19256.0,0.00048038,0.00067119,0.0
2026-07-24T19:38:17.913808,2026-07-24T06:55:31.722240,SWIFT,2004-047A,15.72063698,0.00026679,20.5515,257.9225,124.0008,236.0692,0.0,U,28485.0,999.0,19270.0,0.00054832753,0.00076971,0.0
2026-07-25T03:19:25.596509,2026-07-24T08:26:54.093408,SWIFT,2004-047A,15.72072457,0.00026306,20.5515,257.4304,124.3017,235.7679,0.0,U,28485.0,999.0,19271.0,0.00055173213,0.00077476,0.0
2026-07-26T03:33:43.570440,2026-07-25T10:20:10.191264,SWIFT,2004-047A,15.72202007,0.00026193,20.551,249.0632,135.9226,224.1429,0.0,U,28485.0,999.0,19288.0,0.00044362641,0.00062719,0.0
2026-07-26T13:41:33.521890,2026-07-26T06:07:52.689216,SWIFT,2004-047A,15.7230032,0.0002507,20.5511,242.6636,145.6951,214.3658,0.0,U,28485.0,999.0,19301.0,0.00045081153,0.00063993,0.0
2026-07-27T03:41:17.880318,2026-07-26T07:39:14.242176,SWIFT,2004-047A,15.72306846,0.0002481,20.5511,242.1713,146.0716,213.989,0.0,U,28485.0,999.0,19302.0,0.00045870567,0.00065122,0.0
2026-07-27T14:49:35.733982,2026-07-27T04:58:13.071936,SWIFT,2004-047A,15.72414174,0.00024134,20.5508,235.2783,156.1166,203.9393,0.0,U,28485.0,999.0,19316.0,0.00043378883,0.00061894,0.0
2026-07-27T19:43:38.872618,2026-07-27T08:00:55.301760,SWIFT,2004-047A,15.72430132,0.00024342,20.5506,234.2931,157.4379,202.6175,0.0,U,28485.0,999.0,19318.0,0.00045804492,0.00065372,0.0
2026-07-29T08:49:35.249353,2026-07-28T08:22:29.273952,SWIFT,2004-047A,15.72560065,0.00025103,20.5504,226.4139,170.1688,189.8808,0.0,U,28485.0,999.0,19334.0,0.00050063098,0.00071808,0.0
2026-07-30T14:18:50.005281,2026-07-30T06:02:35.911392,SWIFT,2004-047A,15.72797118,0.0002488,20.5505,211.6385,194.6529,165.3846,0.0,U,28485.0,999.0,19364.0,0.0004206238,0.00061022,0.0
2026-08-01T03:31:39.556106,2026-07-31T04:52:29.790912,SWIFT,2004-047A,15.72917899,0.00024291,20.5509,204.2512,207.7927,152.239,0.0,U,28485.0,999.0,19379.0,0.00040534662,0.0005913,0.0
2026-08-01T13:40:57.294514,2026-08-01T06:44:55.584096,SWIFT,2004-047A,15.7304581,0.00024623,20.5508,195.8761,219.8318,140.1948,0.0,U,28485.0,999.0,19396.0,0.00041746082,0.00061215,0.0
2026-08-02T03:31:09.363478,2026-08-01T14:21:29.991456,SWIFT,2004-047A,15.73084872,0.00023783,20.5505,193.4121,221.2822,138.7445,0.0,U,28485.0,999.0,19401.0,0.00040328271,0.00059253,0.0
2026-08-02T08:31:48.600538,2026-08-02T04:03:18.315072,SWIFT,2004-047A,15.73147596,0.0002477,20.551,188.9793,231.354,128.6685,0.0,U,28485.0,999.0,19410.0,0.00040136,0.00059133,0.0
2026-08-02T13:41:06.643209,2026-08-02T05:34:36.890688,SWIFT,2004-047A,15.7315464,0.00024569,20.5509,188.4869,232.2675,127.7549,0.0,U,28485.0,999.0,19411.0,0.00041023686,0.00060447,0.0
2026-08-03T19:46:02.085539,2026-08-03T13:32:01.003200,SWIFT,2004-047A,15.7332549,0.00023327,20.5507,178.1397,248.2639,111.756,0.0,U,28485.0,999.0,19432.0,0.00045761653,0.00067864,0.0
2026-08-05T14:23:03.579388,2026-08-05T02:03:03.940128,SWIFT,2004-047A,15.73517697,0.00024758,20.5508,166.3137,269.5066,90.5097,0.0,U,28485.0,999.0,19456.0,0.00036776845,0.00055103,0.0
2026-08-06T03:14:46.893559,2026-08-05T12:42:04.423968,SWIFT,2004-047A,15.73566578,0.0002325,20.5503,162.8629,276.0209,83.9973,0.0,U,28485.0,999.0,19463.0,0.00032016428,0.00048159,0.0
2026-08-06T14:26:05.752557,2026-08-06T03:54:54.879552,SWIFT,2004-047A,15.73619137,0.00024767,20.5504,157.9361,285.5939,74.4235,0.0,U,28485.0,999.0,19473.0,0.00032701063,0.00049286,0.0
2026-08-07T07:25:31.700970,2026-08-06T22:10:16.899744,SWIFT,2004-047A,15.73685232,0.00024492,20.5504,152.0208,294.7654,65.2538,0.0,U,28485.0,999.0,19485.0,0.0002883314,0.00043668,0.0
2026-08-07T19:05:02.723137,2026-08-07T02:44:07.011456,SWIFT,2004-047A,15.73701602,0.00024015,20.5502,150.5437,298.5304,61.4901,0.0,U,28485.0,999.0,19488.0,0.00028878508,0.00043766,0.0
2026-08-08T07:02:18.337529,2026-08-07T22:30:42.148512,SWIFT,2004-047A,15.73769541,0.0002453,20.5503,144.1354,310.3272,49.696,0.0,U,28485.0,999.0,19501.0,0.00028681312,0.00043599,0.0
2026-08-08T18:46:46.325718,2026-08-08T10:40:52.899744,SWIFT,2004-047A,15.73814946,0.0002516,20.5505,140.1918,317.6304,42.3949,0.0,U,28485.0,999.0,19509.0,0.00028952,0.0004409,0.0
2026-08-09T13:03:11.364202,2026-08-09T01:53:34.551168,SWIFT,2004-047A,15.73881769,0.0002487,20.5506,135.2625,325.5877,34.4409,0.0,U,28485.0,999.0,19519.0,0.00036432561,0.00055455,0.0
2026-08-10T13:21:34.869675,2026-08-09T23:11:16.548864,SWIFT,2004-047A,15.7398215,0.0002511,20.5508,128.3612,340.2812,19.7537,0.0,U,28485.0,999.0,19533.0,0.00034424,0.00052662,0.0
2026-08-11T07:16:49.785372,2026-08-10T22:00:09.733248,SWIFT,2004-047A,15.7406309,0.00025575,20.5511,120.9659,352.5509,7.49,0.0,U,28485.0,999.0,19548.0,0.00028055174,0.00043206,0.0
2026-08-11T13:18:32.906681,2026-08-11T01:02:40.469280,SWIFT,2004-047A,15.74072893,0.0002627,20.5515,119.9791,350.4797,9.56,0.0,U,28485.0,999.0,19550.0,0.00026935,0.00041531,0.0
2026-08-11T19:10:12.274067,2026-08-11T08:38:57.092928,SWIFT,2004-047A,15.74098256,0.0002671,20.5515,117.5138,354.2805,5.7611,0.0,U,28485.0,999.0,19555.0,0.00026216,0.00040488,0.0
2026-08-12T02:24:58.480153,2026-08-11T20:48:58.893120,SWIFT,2004-047A,15.74139605,0.0002679,20.5515,113.5697,1.0251,359.0201,0.0,U,28485.0,999.0,19563.0,0.00028714,0.0004435,0.0
2026-08-12T07:40:48.623499,2026-08-11T22:20:14.011872,SWIFT,2004-047A,15.74146318,0.00026869,20.5516,113.0763,1.7687,358.2769,0.0,U,28485.0,999.0,19564.0,0.00029734264,0.00045911,0.0
2026-08-12T13:22:43.284906,2026-08-11T23:51:29.121120,SWIFT,2004-047A,15.741518,0.0002697,20.5516,112.583,2.3991,357.6469,0.0,U,28485.0,999.0,19565.0,0.00029935,0.00046227,0.0
2026-08-13T13:24:14.459442,2026-08-13T00:11:28.449888,SWIFT,2004-047A,15.74237116,0.0002766,20.5518,104.6941,14.2304,345.8221,0.0,U,28485.0,999.0,19581.0,0.00029198,0.00045274,0.0
2026-08-14T07:40:09.701273,2026-08-13T21:28:53.620320,SWIFT,2004-047A,15.74318182,0.00027443,20.5517,97.7895,24.829,335.2289,0.0,U,28485.0,999.0,19595.0,0.00029596902,0.00046042,0.0
2026-08-15T06:47:35.085691,2026-08-14T21:48:43.073568,SWIFT,2004-047A,15.74421256,0.00027628,20.5515,89.8995,35.8472,324.2161,0.0,U,28485.0,999.0,19611.0,0.00034769719,0.00054205,0.0
2026-08-15T12:48:56.227227,2026-08-15T06:56:07.537632,SWIFT,2004-047A,15.74459883,0.0002728,20.5516,86.9403,40.0341,320.0307,0.0,U,28485.0,999.0,19617.0,0.00032762,0.000512,0.0
2026-08-16T01:43:24.164852,2026-08-15T20:37:12.745056,SWIFT,2004-047A,15.74523228,0.0002751,20.5515,82.5006,47.5,312.5679,0.0,U,28485.0,999.0,19626.0,0.00035542,0.0005564,0.0
2026-08-17T07:06:11.996995,2026-08-16T20:56:50.518752,SWIFT,2004-047A,15.74627783,0.0002621,20.5518,74.6062,55.5441,304.5254,0.0,U,28485.0,999.0,19642.0,0.00036354119,0.00057153,0.0
2026-08-18T01:36:36.146011,2026-08-17T15:11:29.859936,SWIFT,2004-047A,15.74715501,0.00025629,20.5521,68.6866,64.8401,295.2312,0.0,U,28485.0,999.0,19654.0,0.00036624231,0.00057792,0.0
2026-08-18T06:52:53.748191,2026-08-17T16:42:42.948288,SWIFT,2004-047A,15.74723495,0.00025612,20.5521,68.1935,65.0301,295.0412,0.0,U,28485.0,999.0,19655.0,0.00037623443,0.00059373,0.0
2026-08-18T12:56:36.564580,2026-08-17T19:45:09.119808,SWIFT,2004-047A,15.74739133,0.0002587,20.5521,67.2072,65.6418,294.4299,0.0,U,28485.0,999.0,19657.0,0.00046620087,0.000735,0.0
2026-08-19T06:53:34.098374,2026-08-18T18:33:21.168288,SWIFT,2004-047A,15.74876002,0.00023156,20.5523,59.8063,81.7602,278.3108,0.0,U,28485.0,999.0,19672.0,0.0004812258,0.00076308,0.0
2026-08-20T06:55:03.464434,2026-08-19T18:52:38.139456,SWIFT,2004-047A,15.75022659,0.00023155,20.5523,51.9126,90.0307,270.0406,0.0,U,28485.0,999.0,19688.0,0.00047441099,0.00075717,0.0
2026-08-21T01:42:00.193424,2026-08-20T14:38:11.958432,SWIFT,2004-047A,15.7514455,0.00021847,20.5525,45.4981,98.4752,261.5943,0.0,U,28485.0,999.0,19701.0,0.00042861714,0.00068812,0.0
2026-08-21T06:56:14.651356,2026-08-20T19:11:46.677984,SWIFT,2004-047A,15.75171597,0.00021455,20.5525,44.0186,97.8708,262.1983,0.0,U,28485.0,999.0,19704.0,0.0004642818,0.00074591,0.0
2026-08-21T18:44:30.184069,2026-08-21T14:57:13.745664,SWIFT,2004-047A,15.7529371,0.00020244,20.5527,37.6032,106.2995,253.7676,0.0,U,28485.0,999.0,19717.0,0.00044753863,0.000723,0.0
2026-08-22T06:49:31.848800,2026-08-21T16:28:24.827808,SWIFT,2004-047A,15.75303302,0.00020094,20.5526,37.1096,106.4483,253.6185,0.0,U,28485.0,999.0,19718.0,0.0004650943,0.00075152,0.0
2026-08-22T18:38:04.919285,2026-08-22T15:16:07.254048,SWIFT,2004-047A,15.7544093,0.00018635,20.5527,29.7065,115.8277,244.2363,0.0,U,28485.0,999.0,19733.0,0.00044253293,0.00071958,0.0
2026-08-23T12:50:54.441831,2026-08-22T18:18:28.365984,SWIFT,2004-047A,15.75458436,0.00018881,20.5525,28.7193,118.0994,241.9645,0.0,U,28485.0,999.0,19735.0,0.00046311918,0.00075345,0.0
2026-08-23T18:37:22.443197,2026-08-23T14:03:42.565248,SWIFT,2004-047A,15.75577728,0.00017415,20.5526,22.3024,127.202,232.8586,0.0,U,28485.0,999.0,19748.0,0.00045581611,0.00074551,0.0
2026-08-24T18:49:10.520186,2026-08-24T12:51:10.573056,SWIFT,2004-047A,15.7572023,0.0001498,20.5528,14.8977,136.5189,223.5376,0.0,U,28485.0,999.0,19763.0,0.00044885,0.00073877,0.0
2026-08-25T01:38:01.900193,2026-08-24T14:22:20.182080,SWIFT,2004-047A,15.75729359,0.00014607,20.5528,14.4043,136.4756,223.5807,0.0,U,28485.0,999.0,19764.0,0.0004594455,0.00075643,0.0
2026-08-25T06:57:15.852571,2026-08-24T17:24:39.290400,SWIFT,2004-047A,15.75748648,0.000139,20.5527,13.4172,136.3532,223.7025,0.0,U,28485.0,999.0,19766.0,0.00048075537,0.00079203,0.0
2026-08-25T18:47:25.091685,2026-08-25T11:38:31.000128,SWIFT,2004-047A,15.75869367,0.0001251,20.5528,7.4922,145.1315,214.9214,0.0,U,28485.0,999.0,19778.0,0.00047003,0.00077856,0.0
2026-08-26T01:47:58.176736,2026-08-25T16:11:58.183872,SWIFT,2004-047A,15.75892678,0.0001272,20.5526,6.011,148.6553,211.397,0.0,U,28485.0,999.0,19781.0,0.00046425,0.00076981,0.0
2026-08-27T22:06:07.190193,2026-08-27T15:17:15.464256,SWIFT,2004-047A,15.76320652,7.416e-05,20.5523,350.7005,166.1952,193.8516,0.0,U,28485.0,999.0,19812.0,0.00076150906,0.00128786,0.0
2026-08-28T22:04:15.552300,2026-08-28T14:04:02.558208,SWIFT,2004-047A,15.7653337,4.421e-05,20.5521,343.2898,169.3886,190.6571,0.0,U,28485.0,999.0,19827.0,0.00067047317,0.00114387,0.0
2026-08-29T06:40:17.318874,2026-08-28T20:08:29.200704,SWIFT,2004-047A,15.76607442,2.432e-05,20.552,341.3132,154.3929,205.6531,0.0,U,28485.0,999.0,19831.0,0.00083300035,0.00142811,0.0
2026-08-29T16:33:34.303659,2026-08-28T21:39:35.732160,SWIFT,2004-047A,15.76623854,3.174e-05,20.5519,340.8189,150.0546,209.992,0.0,U,28485.0,999.0,19832.0,0.00083380517,0.00143056,0.0
2026-08-29T20:47:03.525534,2026-08-29T14:21:43.263360,SWIFT,2004-047A,15.76823464,1.098e-05,20.552,335.3846,149.7498,210.2955,0.0,U,28485.0,999.0,19843.0,0.00086192392,0.00149268,0.0
2026-08-30T16:28:35.305865,2026-08-30T11:36:57.640608,SWIFT,2004-047A,15.77079746,1.9e-05,20.5519,328.465,31.7745,328.2713,0.0,U,28485.0,999.0,19857.0,0.00077105,0.00134938,0.0
2026-08-31T04:56:51.043072,2026-08-30T13:08:02.514048,SWIFT,2004-047A,15.77094557,2.35e-05,20.5519,327.9707,22.7059,337.3399,0.0,U,28485.0,999.0,19858.0,0.00077559,0.00135829,0.0
2026-08-31T22:42:03.072288,2026-08-31T11:54:08.196480,SWIFT,2004-047A,15.77348371,5.083e-05,20.5521,320.5555,18.7477,341.299,0.0,U,28485.0,999.0,19873.0,0.00072465446,0.00128304,0.0
2026-09-01T20:53:44.000679,2026-09-01T12:11:04.720992,SWIFT,2004-047A,15.77583518,7.926e-05,20.5518,312.644,31.8197,328.2298,0.0,U,28485.0,999.0,19889.0,0.00062186465,0.0011119,0.0
2026-09-03T10:59:29.268509,2026-09-03T05:09:11.866752,SWIFT,2004-047A,15.77952884,0.000102,20.5522,299.2913,39.4921,320.5601,0.0,U,28485.0,999.0,19916.0,0.00055323,0.00100556,0.0
2026-09-03T16:13:00.230068,2026-09-03T06:40:13.668672,SWIFT,2004-047A,15.77965606,9.484e-05,20.5522,298.7965,39.2085,320.8432,0.0,U,28485.0,999.0,19917.0,0.00055588797,0.00101097,0.0
2026-09-03T20:50:16.153676,2026-09-03T08:11:15.487872,SWIFT,2004-047A,15.77977209,0.00010286,20.5521,298.3023,39.3562,320.6961,0.0,U,28485.0,999.0,19918.0,0.00056068474,0.00102025,0.0
2026-09-04T16:07:17.331726,2026-09-04T06:56:36.883392,SWIFT,2004-047A,15.7817657,0.00010311,20.5519,290.8806,61.9167,298.1385,0.0,U,28485.0,999.0,19933.0,0.00056460581,0.00103672,0.0
2026-09-04T20:37:22.477897,2026-09-04T09:58:38.957088,SWIFT,2004-047A,15.78205376,0.0001145,20.5517,289.8917,61.2043,298.852,0.0,U,28485.0,999.0,19935.0,0.00058734,0.00107999,0.0
